# File: A_OutputsByTech.csv,,,,,,,,,
# Title: Outputs by tech used for GDP intensity policies,,,,,,,,,
# Comments: Heavily filtered; could be even more filtered to just the needed sectors,,,,,,,,,
# Units: EJ,,,,,,,,,
# Column types: cccccnnnnc,,,,,,,,,
# ----------,,,,,,,,,
region,sector,subsector,output,technology,1990,2005,2010,2015,Units
Australia_NZ,H2 central production,biomass,H2 central production,biomass to H2,0,0,0,0,EJ
Australia_NZ,H2 central production,electricity,H2 central production,electrolysis,0,0,0,0,EJ
Australia_NZ,H2 central production,gas,H2 central production,natural gas steam reforming,0,0,0,0,EJ
Australia_NZ,H2 central production,nuclear,H2 central production,thermal splitting,0,0,0,0,EJ
Australia_NZ,H2 central production,solar,H2 central production,electrolysis,0,0,0,0,EJ
Australia_NZ,H2 central production,wind,H2 central production,electrolysis,0,0,0,0,EJ
Australia_NZ,H2 industrial,H2 delivery,H2 industrial,H2 delivery,0,0,0,0,EJ
Australia_NZ,H2 industrial,forecourt production,H2 industrial,electrolysis,0,0,0,0,EJ
Australia_NZ,H2 liquid truck,H2 liquid truck,H2 liquid truck,H2 liquid truck,0,0,0,0,EJ
Australia_NZ,H2 pipeline,H2 pipeline,H2 pipeline,H2 pipeline,0,0,0,0,EJ
Australia_NZ,H2 retail delivery,H2 retail delivery,H2 retail delivery,H2 retail delivery,0,0,0,0,EJ
Australia_NZ,H2 retail dispensing,H2 retail dispensing,H2 retail dispensing,H2 retail dispensing,0,0,0,0,EJ
Australia_NZ,H2 wholesale delivery,H2 liquid truck,H2 wholesale delivery,H2 liquid truck,0,0,0,0,EJ
Australia_NZ,H2 wholesale delivery,H2 pipeline,H2 wholesale delivery,H2 pipeline,0,0,0,0,EJ
Australia_NZ,H2 wholesale dispensing,H2 delivery,H2 wholesale dispensing,H2 liquid truck,0,0,0,0,EJ
Australia_NZ,H2 wholesale dispensing,H2 delivery,H2 wholesale dispensing,H2 pipeline,0,0,0,0,EJ
Australia_NZ,H2 wholesale dispensing,forecourt production,H2 wholesale dispensing,electrolysis,0,0,0,0,EJ
Australia_NZ,H2 wholesale dispensing,forecourt production,H2 wholesale dispensing,natural gas steam reforming,0,0,0,0,EJ
Australia_NZ,agricultural energy use,mobile,agricultural energy use,electricity,0,0,0,0,EJ
Australia_NZ,agricultural energy use,mobile,agricultural energy use,hydrogen,0,0,0,0,EJ
Australia_NZ,agricultural energy use,mobile,agricultural energy use,refined liquids,0.041967,0.0812923,0.075238,0.082935,EJ
Australia_NZ,agricultural energy use,stationary,agricultural energy use,coal,3.16E-04,9.78E-04,0.0015732,0.00173525,EJ
Australia_NZ,agricultural energy use,stationary,agricultural energy use,electricity,0.010568,0.0136882,0.0156498,0.0192368,EJ
Australia_NZ,agricultural energy use,stationary,agricultural energy use,gas,0.00158027,0.00170223,0.00130248,0.00239235,EJ
Australia_NZ,agricultural energy use,stationary,agricultural energy use,refined liquids,0.0104918,0.0203231,0.0188095,0.0207337,EJ
Australia_NZ,backup_electricity,gas,backup_electricity,gas (steam/CT),0,0,0,0,EJ
Australia_NZ,chemical,chemical,chemical,chemical,0.186908,0.211291,0.200754,0.26186,EJ
Australia_NZ,chemical energy use,biomass,chemical energy use,biomass,0.00600942,0.00354532,0.00481019,0.00337386,EJ
Australia_NZ,chemical energy use,coal,chemical energy use,coal,0.00615341,0.00626416,0.00618295,0.00612884,EJ
Australia_NZ,chemical energy use,electricity,chemical energy use,electricity,0.015161,0.0218928,0.0193098,0.0168691,EJ
Australia_NZ,chemical energy use,gas,chemical energy use,gas,0.0564507,0.0547116,0.0603929,0.0759432,EJ
Australia_NZ,chemical energy use,hydrogen,chemical energy use,hydrogen,0,0,0,0,EJ
Australia_NZ,chemical energy use,refined liquids,chemical energy use,refined liquids,0.0017154,0.00871456,0.00756849,0.00616432,EJ
Australia_NZ,chemical feedstocks,gas,chemical feedstocks,gas,0.0237255,0.0287591,0.0421692,0.0649727,EJ
Australia_NZ,chemical feedstocks,refined liquids,chemical feedstocks,refined liquids,0.0776922,0.0874037,0.0603203,0.0884083,EJ
Australia_NZ,comm cooling,electricity,comm cooling,electricity,0.030137,0.0652229,0.0766902,0.086756,EJ
Australia_NZ,comm heating,biomass,comm heating,biomass,0,1.31E-04,1.03E-04,1.03E-04,EJ
Australia_NZ,comm heating,electricity,comm heating,electricity,0.00330692,0.00664148,0.00761696,0.00840475,EJ
Australia_NZ,comm heating,gas,comm heating,gas,0.0131017,0.0183844,0.0197796,0.023845,EJ
Australia_NZ,comm heating,gas,comm heating,hydrogen,0,0,0,0,EJ
Australia_NZ,comm heating,refined liquids,comm heating,refined liquids,0.00160252,0.00247781,0.00292141,0.00361147,EJ
Australia_NZ,comm others,biomass,N/A,biomass,0,1.89E-05,1.47E-05,1.46E-05,EJ
Australia_NZ,comm others,biomass,comm others,biomass,0,1.09E-05,8.55E-06,8.62E-06,EJ
Australia_NZ,comm others,coal,N/A,coal,0.00337055,0.00234454,9.42E-04,5.86E-04,EJ
Australia_NZ,comm others,coal,comm others,coal,0.00255151,0.00180906,7.33E-04,4.60E-04,EJ
Australia_NZ,comm others,electricity,comm others,electricity,0.0812928,0.168227,0.194872,0.217183,EJ
Australia_NZ,comm others,gas,N/A,gas,0.00881809,0.0119701,0.0126987,0.0151102,EJ
Australia_NZ,comm others,gas,N/A,hydrogen,0,0,0,0,EJ
Australia_NZ,comm others,gas,comm others,gas,0.00991911,0.0139187,0.0149749,0.0180528,EJ
Australia_NZ,comm others,gas,comm others,hydrogen,0,0,0,0,EJ
Australia_NZ,comm others,refined liquids,comm others,refined liquids,0.00888566,0.0137389,0.0161983,0.0200248,EJ
Australia_NZ,construction,construction,construction,construction,0.0709423,0.0683705,0.0680425,0.0578384,EJ
Australia_NZ,construction energy use,mobile,construction energy use,electricity,0,0,0,0,EJ
Australia_NZ,construction energy use,mobile,construction energy use,hydrogen,0,0,0,0,EJ
Australia_NZ,construction energy use,mobile,construction energy use,refined liquids,0.0313077,0.0213425,0.0194547,0.019026,EJ
Australia_NZ,construction energy use,stationary,construction energy use,coal,0,0,7.32E-05,7.38E-05,EJ
Australia_NZ,construction energy use,stationary,construction energy use,electricity,4.06E-04,0.0011302,9.26E-04,0.00198708,EJ
Australia_NZ,construction energy use,stationary,construction energy use,gas,2.16E-04,0.00255326,0.00245614,0.0030279,EJ
Australia_NZ,construction energy use,stationary,construction energy use,refined liquids,0.0078269,0.00533561,0.00486366,0.0047565,EJ
Australia_NZ,construction feedstocks,refined liquids,construction feedstocks,refined liquids,0.0311857,0.0380089,0.0402693,0.0289671,EJ
Australia_NZ,csp_backup,gas,csp_backup,CSP gas hybrid mode,0,0,0,0,EJ
Australia_NZ,delivered biomass,delivered biomass,delivered biomass,delivered biomass,0.0804131,0.0673528,0.0625388,0.0568039,EJ
Australia_NZ,delivered biomass industry,delivered biomass industry,delivered biomass industry,delivered biomass industry,0.116622,0.179663,0.169407,0.176691,EJ
Australia_NZ,delivered coal,delivered coal,delivered coal,delivered coal,0.0140229,0.0133111,0.00636246,0.0016326,EJ
Australia_NZ,delivered coal industry,delivered coal industry,delivered coal industry,delivered coal industry,0.285108,0.263049,0.276653,0.214826,EJ
Australia_NZ,delivered gas,delivered gas,delivered gas,delivered gas,0.119437,0.170079,0.186149,0.212685,EJ
Australia_NZ,delivered gas h2,delivered gas h2,delivered gas h2,delivered gas h2,0,0,0,0,EJ
Australia_NZ,delivered gas transport,delivered gas transport,delivered gas transport,delivered gas transport,0.00280456,0.00200926,0.00267895,0.00418591,EJ
Australia_NZ,elec_CSP,CSP,elec_CSP,CSP (dry_hybrid),0,1.80E-06,5.40E-06,7.19E-06,EJ
Australia_NZ,elec_CSP,CSP,elec_CSP,CSP (recirculating),0,1.80E-06,5.40E-06,7.19E-06,EJ
Australia_NZ,elec_CSP_storage,CSP_storage,elec_CSP_storage,CSP_storage (dry_hybrid),0,0,0,0,EJ
Australia_NZ,elec_CSP_storage,CSP_storage,elec_CSP_storage,CSP_storage (recirculating),0,0,0,0,EJ
Australia_NZ,elec_Gen_III,Gen_III,elec_Gen_III,Gen_III (seawater),0,0,0,0,EJ
Australia_NZ,elec_biomass (IGCC),biomass (IGCC),elec_biomass (IGCC),biomass (IGCC) (dry cooling),0,0,0,0,EJ
Australia_NZ,elec_biomass (IGCC),biomass (IGCC),elec_biomass (IGCC),biomass (IGCC) (once through),0,0,0,0,EJ
Australia_NZ,elec_biomass (IGCC),biomass (IGCC),elec_biomass (IGCC),biomass (IGCC) (recirculating),0,0,0,0,EJ
Australia_NZ,elec_biomass (IGCC),biomass (IGCC),elec_biomass (IGCC),biomass (IGCC) (seawater),0,0,0,0,EJ
Australia_NZ,elec_biomass (conv),biomass (conv),elec_biomass (conv),biomass (conv) (dry cooling),0,0,0,0,EJ
Australia_NZ,elec_biomass (conv),biomass (conv),elec_biomass (conv),biomass (conv) (once through),0,6.39E-04,2.23E-04,4.62E-04,EJ
Australia_NZ,elec_biomass (conv),biomass (conv),elec_biomass (conv),biomass (conv) (recirculating),0,0,0,0,EJ
Australia_NZ,elec_biomass (conv),biomass (conv),elec_biomass (conv),biomass (conv) (seawater),0,0.00124027,4.32E-04,8.97E-04,EJ
Australia_NZ,elec_coal (IGCC),coal (IGCC),elec_coal (IGCC),coal (IGCC) (dry cooling),0,0,0,0,EJ
Australia_NZ,elec_coal (IGCC),coal (IGCC),elec_coal (IGCC),coal (IGCC) (once through),0,0,0,0,EJ
Australia_NZ,elec_coal (IGCC),coal (IGCC),elec_coal (IGCC),coal (IGCC) (recirculating),0,0,0,0,EJ
Australia_NZ,elec_coal (IGCC),coal (IGCC),elec_coal (IGCC),coal (IGCC) (seawater),0,0,0,0,EJ
Australia_NZ,elec_coal (conv pul),coal (conv pul),elec_coal (conv pul),coal (conv pul) (dry cooling),0.0301827,0.0462366,0.044947,0.0395191,EJ
Australia_NZ,elec_coal (conv pul),coal (conv pul),elec_coal (conv pul),coal (conv pul) (once through),0.0549271,0.0841425,0.0817957,0.071918,EJ
Australia_NZ,elec_coal (conv pul),coal (conv pul),elec_coal (conv pul),coal (conv pul) (recirculating),0.24726,0.378776,0.368212,0.323746,EJ
Australia_NZ,elec_coal (conv pul),coal (conv pul),elec_coal (conv pul),coal (conv pul) (seawater),0.106623,0.163335,0.15878,0.139606,EJ
Australia_NZ,elec_gas (CC),gas (CC),elec_gas (CC),gas (CC) (dry cooling),0,0,0,0,EJ
Australia_NZ,elec_gas (CC),gas (CC),elec_gas (CC),gas (CC) (once through),0.00665306,0.00955345,0.00666601,0.00334577,EJ
Australia_NZ,elec_gas (CC),gas (CC),elec_gas (CC),gas (CC) (recirculating),0.0196394,0.0282012,0.0196776,0.00987648,EJ
Australia_NZ,elec_gas (CC),gas (CC),elec_gas (CC),gas (CC) (seawater),0.0129147,0.0185449,0.0129399,0.00649474,EJ
Australia_NZ,elec_gas (steam/CT),gas (steam/CT),elec_gas (steam/CT),gas (steam/CT) (dry cooling),0,0,0,0,EJ
Australia_NZ,elec_gas (steam/CT),gas (steam/CT),elec_gas (steam/CT),gas (steam/CT) (once through),0.0111931,0.0178048,0.0476389,0.0598179,EJ
Australia_NZ,elec_gas (steam/CT),gas (steam/CT),elec_gas (steam/CT),gas (steam/CT) (recirculating),0,0,0,0,EJ
Australia_NZ,elec_gas (steam/CT),gas (steam/CT),elec_gas (steam/CT),gas (steam/CT) (seawater),0.0217278,0.0345623,0.0924755,0.116117,EJ
Australia_NZ,elec_geothermal,geothermal,elec_geothermal,geothermal (dry_hybrid),0.00298654,0.00445958,0.00838903,0.0111992,EJ
Australia_NZ,elec_geothermal,geothermal,elec_geothermal,geothermal (recirculating),0.00447971,0.00668932,0.0125836,0.0167988,EJ
Australia_NZ,elec_refined liquids (CC),refined liquids (CC),elec_refined liquids (CC),refined liquids (CC) (dry cooling),0,0,0,0,EJ
Australia_NZ,elec_refined liquids (CC),refined liquids (CC),elec_refined liquids (CC),refined liquids (CC) (once through),0,0,0,0,EJ
Australia_NZ,elec_refined liquids (CC),refined liquids (CC),elec_refined liquids (CC),refined liquids (CC) (recirculating),0,0,0,0,EJ
Australia_NZ,elec_refined liquids (CC),refined liquids (CC),elec_refined liquids (CC),refined liquids (CC) (seawater),0,0,0,0,EJ
Australia_NZ,elec_refined liquids (steam/CT),refined liquids (steam/CT),elec_refined liquids (steam/CT),refined liquids (steam/CT) (dry cooling),0,0,0,0,EJ
Australia_NZ,elec_refined liquids (steam/CT),refined liquids (steam/CT),elec_refined liquids (steam/CT),refined liquids (steam/CT) (once through),0.00435981,0.0034822,0.00711358,0.00815835,EJ
Australia_NZ,elec_refined liquids (steam/CT),refined liquids (steam/CT),elec_refined liquids (steam/CT),refined liquids (steam/CT) (recirculating),0,0,0,0,EJ
Australia_NZ,elec_refined liquids (steam/CT),refined liquids (steam/CT),elec_refined liquids (steam/CT),refined liquids (steam/CT) (seawater),0.00846312,0.00675952,0.0138087,0.0158369,EJ
Australia_NZ,elect_td_bld,elect_td_bld,elect_td_bld,elect_td_bld,0.295951,0.469118,0.519984,0.53584,EJ
Australia_NZ,elect_td_bld,rooftop_pv,elect_td_bld,rooftop_pv,0,0,0,0,EJ
Australia_NZ,elect_td_en,elect_td_en,elect_td_en,elect_td_en,0.00489726,0.00768046,0.00782894,0.00616643,EJ
Australia_NZ,elect_td_h2,elect_td_h2,elect_td_h2,elect_td_h2,0,0,0,0,EJ
Australia_NZ,elect_td_ind,elect_td_ind,elect_td_ind,elect_td_ind,0.280235,0.363659,0.399141,0.391027,EJ
Australia_NZ,elect_td_trn,elect_td_trn,elect_td_trn,elect_td_trn,0.00670293,0.0126811,0.0132104,0.0207608,EJ
Australia_NZ,electricity,biomass,electricity,biomass (IGCC),0,0,0,0,EJ
Australia_NZ,electricity,biomass,electricity,biomass (conv),0,0.00187915,6.55E-04,0.00135944,EJ
Australia_NZ,electricity,coal,electricity,coal (IGCC),0,0,0,0,EJ
Australia_NZ,electricity,coal,electricity,coal (conv pul),0.438993,0.67249,0.653734,0.574789,EJ
Australia_NZ,electricity,gas,electricity,gas (CC),0.0392072,0.0562995,0.0392836,0.019717,EJ
Australia_NZ,electricity,gas,electricity,gas (steam/CT),0.0329209,0.0523671,0.140114,0.175935,EJ
Australia_NZ,electricity,geothermal,electricity,geothermal,0.00746624,0.0111489,0.0209727,0.027998,EJ
Australia_NZ,electricity,hydro,electricity,hydro,0.134392,0.139082,0.137653,0.1363,EJ
Australia_NZ,electricity,nuclear,electricity,Gen_III,0,0,0,0,EJ
Australia_NZ,electricity,refined liquids,electricity,refined liquids (CC),0,0,0,0,EJ
Australia_NZ,electricity,refined liquids,electricity,refined liquids (steam/CT),0.0128229,0.0102417,0.0209223,0.0239952,EJ
Australia_NZ,electricity,solar,electricity,CSP,0,3.60E-06,1.08E-05,1.44E-05,EJ
Australia_NZ,electricity,solar,electricity,CSP_storage,0,0,0,0,EJ
Australia_NZ,electricity,solar,electricity,PV,0,2.81E-04,0.00140394,0.0181798,EJ
Australia_NZ,electricity,solar,electricity,PV_storage,0,0,0,0,EJ
Australia_NZ,electricity,wind,electricity,wind,0,0.00539625,0.0240793,0.0497024,EJ
Australia_NZ,electricity,wind,electricity,wind_offshore,0,0,0,0,EJ
Australia_NZ,electricity,wind,electricity,wind_storage,0,0,0,0,EJ
Australia_NZ,electricity_net_ownuse,electricity_net_ownuse,electricity_net_ownuse,electricity_net_ownuse,0.63065,0.919108,1.01011,1.01101,EJ
Australia_NZ,gas pipeline,gas pipeline,gas pipeline,gas pipeline,0.737533,1.02682,1.28257,1.44317,EJ
Australia_NZ,gas processing,biomass gasification,gas processing,biomass gasification,0.00159069,0.00992072,0.0156972,0.0200439,EJ
Australia_NZ,gas processing,coal gasification,gas processing,coal gasification,0,0,0,0,EJ
Australia_NZ,gas processing,natural gas,gas processing,natural gas,0.736068,1.03079,1.27696,1.43095,EJ
Australia_NZ,mining energy use,mobile,mining energy use,electricity,0,0,0,0,EJ
Australia_NZ,mining energy use,mobile,mining energy use,hydrogen,0,0,0,0,EJ
Australia_NZ,mining energy use,mobile,mining energy use,refined liquids,0.0186697,0.0363711,0.0451957,0.0794695,EJ
Australia_NZ,mining energy use,stationary,mining energy use,coal,0.0060479,2.17E-04,1.83E-04,0.00188298,EJ
Australia_NZ,mining energy use,stationary,mining energy use,electricity,0.0213798,0.0304741,0.044341,0.0624032,EJ
Australia_NZ,mining energy use,stationary,mining energy use,gas,7.90E-04,0.00155416,0.00156295,0.00534549,EJ
Australia_NZ,mining energy use,stationary,mining energy use,refined liquids,0.0046674,0.00909274,0.011299,0.0198673,EJ
Australia_NZ,nuclearFuelGenIII,enrichedUranium,nuclearFuelGenIII,enrichedUranium,0,0,0,0,EJ
Australia_NZ,other industrial energy use,biomass,electricity,biomass cogen,0.00399456,0.0108301,0.00700579,0.00760179,EJ
Australia_NZ,other industrial energy use,biomass,other industrial energy use,biomass,0.0679213,0.0908287,0.0868554,0.0957623,EJ
Australia_NZ,other industrial energy use,biomass,other industrial energy use,biomass cogen,0.0107093,0.0299173,0.0194605,0.0211749,EJ
Australia_NZ,other industrial energy use,coal,electricity,coal cogen,7.09E-04,0.00232755,0.0024228,0.00238845,EJ
Australia_NZ,other industrial energy use,coal,other industrial energy use,coal,0.0553791,0.0445254,0.0541407,0.0158181,EJ
Australia_NZ,other industrial energy use,coal,other industrial energy use,coal cogen,0.00171626,0.00580437,0.006057,0.00598609,EJ
Australia_NZ,other industrial energy use,electricity,other industrial energy use,electricity,0.101974,0.119547,0.195788,0.141214,EJ
Australia_NZ,other industrial energy use,gas,electricity,gas cogen,6.22E-04,0.0135637,0.021051,0.0239758,EJ
Australia_NZ,other industrial energy use,gas,other industrial energy use,gas,0.160674,0.208767,0.246095,0.242309,EJ
Australia_NZ,other industrial energy use,gas,other industrial energy use,gas cogen,0.00145735,0.0326836,0.0509709,0.0583354,EJ
Australia_NZ,other industrial energy use,hydrogen,electricity,hydrogen cogen,0,0,0,0,EJ
Australia_NZ,other industrial energy use,hydrogen,other industrial energy use,hydrogen,0,0,0,0,EJ
Australia_NZ,other industrial energy use,hydrogen,other industrial energy use,hydrogen cogen,0,0,0,0,EJ
Australia_NZ,other industrial energy use,refined liquids,electricity,refined liquids cogen,0,0,0.00103634,4.61E-04,EJ
Australia_NZ,other industrial energy use,refined liquids,other industrial energy use,refined liquids,0.0533079,0.130298,0.106666,0.155424,EJ
Australia_NZ,other industrial energy use,refined liquids,other industrial energy use,refined liquids cogen,0,0,0.0025215,0.0011262,EJ
Australia_NZ,other industrial feedstocks,gas,other industrial feedstocks,gas,7.95E-04,0,0,0,EJ
Australia_NZ,other industrial feedstocks,refined liquids,other industrial feedstocks,refined liquids,0.0511529,0.0662225,0.072962,0.0665574,EJ
Australia_NZ,other industry,other industry,other industry,other industry,0.505088,0.728593,0.841516,0.803708,EJ
Australia_NZ,process heat cement,biomass,process heat cement,biomass,0.00137041,0.00149901,0.0014903,0.0014903,EJ
Australia_NZ,process heat cement,coal,process heat cement,coal,0.0198713,0.0217357,0.0216094,0.0216094,EJ
Australia_NZ,process heat cement,gas,process heat cement,gas,0.0130191,0.0142407,0.0141579,0.0141579,EJ
Australia_NZ,process heat cement,hydrogen,process heat cement,hydrogen,0,0,0,0,EJ
Australia_NZ,refined liquids bunkers,refined liquids bunkers,refined liquids bunkers,refined liquids bunkers,0.0883437,0.128469,0.151042,0.169988,EJ
Australia_NZ,refined liquids enduse,refined liquids enduse,refined liquids enduse,refined liquids enduse,0.0340371,0.0419808,0.0496337,0.0569125,EJ
Australia_NZ,refined liquids industrial,refined liquids industrial,refined liquids industrial,refined liquids industrial,0.367526,0.530329,0.493416,0.581411,EJ
Australia_NZ,refined liquids transport,refined liquids transport,refined liquids transport,refined liquids transport,1.02227,1.35292,1.48057,1.59168,EJ
Australia_NZ,refining,biomass liquids,refining,BTL with hydrogen,0,0,0,0,EJ
Australia_NZ,refining,biomass liquids,refining,FT biofuels,0,0,0,0,EJ
Australia_NZ,refining,biomass liquids,refining,biodiesel,0,0,0.00230211,0.00510637,EJ
Australia_NZ,refining,biomass liquids,refining,cellulosic ethanol,0,0,0,0,EJ
Australia_NZ,refining,biomass liquids,refining,corn ethanol,0,7.95E-04,0.00489719,0.00535754,EJ
Australia_NZ,refining,coal to liquids,refining,coal to liquids,0,0,0,0,EJ
Australia_NZ,refining,gas to liquids,refining,gas to liquids,0.0268719,0,0,0,EJ
Australia_NZ,refining,oil refining,oil-credits,oil refining,1.52515,2.08748,2.22397,2.44548,EJ
Australia_NZ,refining,oil refining,refining,oil refining,1.52515,2.08748,2.22397,2.44548,EJ
Australia_NZ,regional biomass,regional biomass,regional biomass,regional biomass,0.199171,0.271516,0.254995,0.264094,EJ
Australia_NZ,regional biomassOil,regional biomassOil,regional biomassOil,OilCrop,0,0,0.00237324,0.00526415,EJ
Australia_NZ,regional coal,domestic coal,regional coal,domestic coal,1.51476,2.23,2.17262,1.84118,EJ
Australia_NZ,regional coal,imported coal,regional coal,imported coal,0,0,0,0.0074859,EJ
Australia_NZ,regional corn for ethanol,regional corn for ethanol,regional corn for ethanol,regional corn for ethanol,0,7.95E-04,0.00489719,0.00535754,EJ
Australia_NZ,regional natural gas,domestic natural gas,regional natural gas,domestic natural gas,0.780514,1.03079,1.27696,1.4308,EJ
Australia_NZ,regional natural gas,imported natural gas,regional natural gas,imported natural gas,0,0,0,1.45E-04,EJ
Australia_NZ,regional oil,domestic crude oil,regional oil,domestic crude oil,1.30522,1.12461,1.22219,0.0429172,EJ
Australia_NZ,regional oil,imported crude oil,regional oil,imported crude oil,0.284848,1.01803,1.0842,2.53068,EJ
Australia_NZ,resid cooling,electricity,resid cooling,electricity,0.0300133,0.0452679,0.051171,0.0517392,EJ
Australia_NZ,resid heating,biomass,resid heating,biomass,0.0273993,0.0232595,0.0217919,0.0199443,EJ
Australia_NZ,resid heating,electricity,resid heating,electricity,0.00968586,0.0135568,0.0149476,0.0147417,EJ
Australia_NZ,resid heating,gas,resid heating,gas,0.0351532,0.0528254,0.0592607,0.067528,EJ
Australia_NZ,resid heating,gas,resid heating,hydrogen,0,0,0,0,EJ
Australia_NZ,resid heating,refined liquids,resid heating,refined liquids,0.00598787,0.00564917,0.00686231,0.00698145,EJ
Australia_NZ,resid others,biomass,N/A,biomass,0.00402084,0.00334936,0.00311262,0.00282544,EJ
Australia_NZ,resid others,biomass,resid others,biomass,0.00228327,0.00193829,0.001816,0.00166202,EJ
Australia_NZ,resid others,coal,N/A,coal,0.00207254,4.81E-04,2.51E-04,2.09E-04,EJ
Australia_NZ,resid others,coal,resid others,coal,0.00156892,3.72E-04,1.95E-04,1.64E-04,EJ
Australia_NZ,resid others,electricity,resid others,electricity,0.134088,0.19338,0.215357,0.214521,EJ
Australia_NZ,resid others,gas,N/A,gas,0.0185961,0.0270331,0.0299032,0.0336329,EJ
Australia_NZ,resid others,gas,N/A,hydrogen,0,0,0,0,EJ
Australia_NZ,resid others,gas,resid others,gas,0.020918,0.0314339,0.0352633,0.0401827,EJ
Australia_NZ,resid others,gas,resid others,hydrogen,0,0,0,0,EJ
Australia_NZ,resid others,refined liquids,resid others,refined liquids,0.00478007,0.00450966,0.0054781,0.0055732,EJ
Australia_NZ,wholesale gas,wholesale gas,wholesale gas,wholesale gas,0.408843,0.56042,0.626924,0.708332,EJ
China,H2 central production,biomass,H2 central production,biomass to H2,0,0,0,0,EJ
China,H2 central production,electricity,H2 central production,electrolysis,0,0,0,0,EJ
China,H2 central production,gas,H2 central production,natural gas steam reforming,0,0,0,0,EJ
China,H2 central production,nuclear,H2 central production,thermal splitting,0,0,0,0,EJ
China,H2 central production,solar,H2 central production,electrolysis,0,0,0,0,EJ
China,H2 central production,wind,H2 central production,electrolysis,0,0,0,0,EJ
China,H2 industrial,H2 delivery,H2 industrial,H2 delivery,0,0,0,0,EJ
China,H2 industrial,forecourt production,H2 industrial,electrolysis,0,0,0,0,EJ
China,H2 liquid truck,H2 liquid truck,H2 liquid truck,H2 liquid truck,0,0,0,0,EJ
China,H2 pipeline,H2 pipeline,H2 pipeline,H2 pipeline,0,0,0,0,EJ
China,H2 retail delivery,H2 retail delivery,H2 retail delivery,H2 retail delivery,0,0,0,0,EJ
China,H2 retail dispensing,H2 retail dispensing,H2 retail dispensing,H2 retail dispensing,0,0,0,0,EJ
China,H2 wholesale delivery,H2 liquid truck,H2 wholesale delivery,H2 liquid truck,0,0,0,0,EJ
China,H2 wholesale delivery,H2 pipeline,H2 wholesale delivery,H2 pipeline,0,0,0,0,EJ
China,H2 wholesale dispensing,H2 delivery,H2 wholesale dispensing,H2 liquid truck,0,0,0,0,EJ
China,H2 wholesale dispensing,H2 delivery,H2 wholesale dispensing,H2 pipeline,0,0,0,0,EJ
China,H2 wholesale dispensing,forecourt production,H2 wholesale dispensing,electrolysis,0,0,0,0,EJ
China,H2 wholesale dispensing,forecourt production,H2 wholesale dispensing,natural gas steam reforming,0,0,0,0,EJ
China,agricultural energy use,mobile,agricultural energy use,electricity,0,0,0,0,EJ
China,agricultural energy use,mobile,agricultural energy use,hydrogen,0,0,0,0,EJ
China,agricultural energy use,mobile,agricultural energy use,refined liquids,0.473321,0.487657,0.467378,0.590329,EJ
China,agricultural energy use,stationary,agricultural energy use,coal,0.370541,0.345759,0.409613,0.503522,EJ
China,agricultural energy use,stationary,agricultural energy use,electricity,0.149176,0.27942,0.353222,0.378021,EJ
China,agricultural energy use,stationary,agricultural energy use,gas,0.00359159,0,0.00156295,0.00295306,EJ
China,agricultural energy use,stationary,agricultural energy use,heat,0,5.44E-04,9.21E-04,0.0010465,EJ
China,agricultural energy use,stationary,agricultural energy use,refined liquids,0.11833,0.121914,0.116844,0.147582,EJ
China,backup_electricity,gas,backup_electricity,gas (steam/CT),0,0,0,0,EJ
China,chemical,chemical,chemical,chemical,1.71052,4.87887,7.20164,9.50496,EJ
China,chemical energy use,coal,chemical energy use,coal,0.450647,1.70904,2.20673,2.78397,EJ
China,chemical energy use,electricity,chemical energy use,electricity,0.293587,0.905641,1.32623,1.97445,EJ
China,chemical energy use,gas,chemical energy use,gas,0,0.0920458,0.229925,0.341038,EJ
China,chemical energy use,heat,chemical energy use,heat,0.194984,0.54012,0.762019,1.12603,EJ
China,chemical energy use,hydrogen,chemical energy use,hydrogen,0,0,0,0,EJ
China,chemical energy use,refined liquids,chemical energy use,refined liquids,0.106392,0.154705,0.700456,0.430457,EJ
China,chemical feedstocks,gas,chemical feedstocks,gas,0.1202,0.168946,0.135703,0.237245,EJ
China,chemical feedstocks,refined liquids,chemical feedstocks,refined liquids,0.544713,1.30838,1.84058,2.61177,EJ
China,comm cooling,electricity,comm cooling,electricity,0.0908623,0.586863,1.11122,2.06222,EJ
China,comm heating,coal,comm heating,coal,0.231606,0.355135,0.426367,0.521905,EJ
China,comm heating,district heat,comm heating,district heat,0.00817881,0.0441767,0.0796014,0.134625,EJ
China,comm heating,electricity,comm heating,electricity,0.00369113,0.0221234,0.0408598,0.0739623,EJ
China,comm heating,gas,comm heating,gas,0.00879466,0.0804761,0.124105,0.226413,EJ
China,comm heating,gas,comm heating,hydrogen,0,0,0,0,EJ
China,comm heating,refined liquids,comm heating,refined liquids,0.0777964,0.171656,0.243716,0.298821,EJ
China,comm others,biomass,N/A,biomass,2.31E-04,1.06E-04,6.42E-05,8.44E-05,EJ
China,comm others,biomass,comm others,biomass,1.01E-04,4.91E-05,3.09E-05,4.21E-05,EJ
China,comm others,coal,N/A,coal,0.144303,0.209133,0.241627,0.285145,EJ
China,comm others,coal,comm others,coal,0.0841907,0.129095,0.154988,0.189717,EJ
China,comm others,district heat,N/A,district heat,0.00100035,0.0051884,0.00903898,0.0148066,EJ
China,comm others,district heat,comm others,district heat,0.00132673,0.0071663,0.0129128,0.0218387,EJ
China,comm others,electricity,comm others,electricity,0.0586186,0.362021,0.675323,1.2347,EJ
China,comm others,gas,N/A,gas,0.00230294,0.0196307,0.0289779,0.0507083,EJ
China,comm others,gas,N/A,hydrogen,0,0,0,0,EJ
China,comm others,gas,comm others,gas,0.00199562,0.0182611,0.0281612,0.0513762,EJ
China,comm others,gas,comm others,hydrogen,0,0,0,0,EJ
China,comm others,refined liquids,comm others,refined liquids,0.0291015,0.0642118,0.0911674,0.111781,EJ
China,construction,construction,construction,construction,0.272401,0.657396,1.21891,1.69601,EJ
China,construction energy use,mobile,construction energy use,electricity,0,0,0,0,EJ
China,construction energy use,mobile,construction energy use,hydrogen,0,0,0,0,EJ
China,construction energy use,mobile,construction energy use,refined liquids,0.0592006,0.136835,0.199741,0.241474,EJ
China,construction energy use,stationary,construction energy use,coal,0.0756695,0.115362,0.13705,0.168136,EJ
China,construction energy use,stationary,construction energy use,electricity,0.0227211,0.0841805,0.174798,0.253968,EJ
China,construction energy use,stationary,construction energy use,gas,0.0318574,0.00462553,0.00360969,0.00676599,EJ
China,construction energy use,stationary,construction energy use,heat,8.79E-04,0.0046465,0.0066139,0.0090418,EJ
China,construction energy use,stationary,construction energy use,refined liquids,0.0148002,0.0342088,0.0499353,0.0603685,EJ
China,construction feedstocks,refined liquids,construction feedstocks,refined liquids,0.0672731,0.277538,0.647164,0.956259,EJ
China,csp_backup,gas,csp_backup,CSP gas hybrid mode,0,0,0,0,EJ
China,delivered biomass,delivered biomass,delivered biomass,delivered biomass,4.87E-04,0.0204782,0.0474157,0.0619417,EJ
China,delivered biomass industry,delivered biomass industry,delivered biomass industry,delivered biomass industry,2.13E-04,2.11E-04,1.72E-04,3.06E-04,EJ
China,delivered coal,delivered coal,delivered coal,delivered coal,5.24116,3.62881,3.85594,4.20682,EJ
China,delivered coal industry,delivered coal industry,delivered coal industry,delivered coal industry,9.90812,23.9393,34.8698,36.7701,EJ
China,delivered gas,delivered gas,delivered gas,delivered gas,0.0985525,0.691893,1.43973,2.07756,EJ
China,delivered gas h2,delivered gas h2,delivered gas h2,delivered gas h2,0,0,0,0,EJ
China,delivered gas transport,delivered gas transport,delivered gas transport,delivered gas transport,0,0.0615273,0.282607,0.682073,EJ
China,district heat,biomass,district heat,biomass,0,0.0161755,0.0377758,0.0493497,EJ
China,district heat,coal,district heat,coal,0.497833,0.0755191,0.226889,0.299191,EJ
China,district heat,gas,district heat,gas,0.0073004,0,0,0,EJ
China,district heat,refined liquids,district heat,refined liquids,0.120188,0.0970194,0.193065,0.157731,EJ
China,elec_CSP,CSP,elec_CSP,CSP (dry_hybrid),0,0,3.60E-06,4.86E-05,EJ
China,elec_CSP,CSP,elec_CSP,CSP (recirculating),0,0,3.60E-06,4.86E-05,EJ
China,elec_CSP_storage,CSP_storage,elec_CSP_storage,CSP_storage (dry_hybrid),0,0,0,0,EJ
China,elec_CSP_storage,CSP_storage,elec_CSP_storage,CSP_storage (recirculating),0,0,0,0,EJ
China,elec_Gen_III,Gen_III,elec_Gen_III,Gen_III (cooling pond),0,0,0,0,EJ
China,elec_Gen_III,Gen_III,elec_Gen_III,Gen_III (once through),0,0,0,0,EJ
China,elec_Gen_III,Gen_III,elec_Gen_III,Gen_III (recirculating),0,0,0,0,EJ
China,elec_Gen_III,Gen_III,elec_Gen_III,Gen_III (seawater),0,0,0,0,EJ
China,elec_Gen_II_LWR,Gen_II_LWR,elec_Gen_II_LWR,Gen_II_LWR (cooling pond),0,0.0133781,0.0186177,0.0430147,EJ
China,elec_Gen_II_LWR,Gen_II_LWR,elec_Gen_II_LWR,Gen_II_LWR (once through),0,0.0332542,0.0462781,0.106922,EJ
China,elec_Gen_II_LWR,Gen_II_LWR,elec_Gen_II_LWR,Gen_II_LWR (recirculating),0,0.139515,0.194155,0.448582,EJ
China,elec_Gen_II_LWR,Gen_II_LWR,elec_Gen_II_LWR,Gen_II_LWR (seawater),0,0.00496898,0.00691515,0.0159769,EJ
China,elec_biomass (IGCC),biomass (IGCC),elec_biomass (IGCC),biomass (IGCC) (dry cooling),0,0,0,0,EJ
China,elec_biomass (IGCC),biomass (IGCC),elec_biomass (IGCC),biomass (IGCC) (once through),0,0,0,0,EJ
China,elec_biomass (IGCC),biomass (IGCC),elec_biomass (IGCC),biomass (IGCC) (recirculating),0,0,0,0,EJ
China,elec_biomass (IGCC),biomass (IGCC),elec_biomass (IGCC),biomass (IGCC) (seawater),0,0,0,0,EJ
China,elec_biomass (conv),biomass (conv),elec_biomass (conv),biomass (conv) (cooling pond),0,0.00131039,0.00853344,0.0160507,EJ
China,elec_biomass (conv),biomass (conv),elec_biomass (conv),biomass (conv) (dry cooling),9.64E-08,0.00151819,0.00988653,0.0185959,EJ
China,elec_biomass (conv),biomass (conv),elec_biomass (conv),biomass (conv) (once through),9.64E-08,0.00325729,0.0212117,0.0398975,EJ
China,elec_biomass (conv),biomass (conv),elec_biomass (conv),biomass (conv) (recirculating),6.75E-07,0.0121473,0.0791048,0.14879,EJ
China,elec_biomass (conv),biomass (conv),elec_biomass (conv),biomass (conv) (seawater),5.78E-07,4.87E-04,0.00316958,0.00596176,EJ
China,elec_coal (IGCC),coal (IGCC),elec_coal (IGCC),coal (IGCC) (dry cooling),0,0,0,0,EJ
China,elec_coal (IGCC),coal (IGCC),elec_coal (IGCC),coal (IGCC) (once through),0,0,0,0,EJ
China,elec_coal (IGCC),coal (IGCC),elec_coal (IGCC),coal (IGCC) (recirculating),0,0,0,0,EJ
China,elec_coal (IGCC),coal (IGCC),elec_coal (IGCC),coal (IGCC) (seawater),0,0,0,0,EJ
China,elec_coal (conv pul),coal (conv pul),elec_coal (conv pul),coal (conv pul) (cooling pond),0.111217,0.499026,0.8164,1.03489,EJ
China,elec_coal (conv pul),coal (conv pul),elec_coal (conv pul),coal (conv pul) (dry cooling),0.0746513,0.573761,2.3356,2.95999,EJ
China,elec_coal (conv pul),coal (conv pul),elec_coal (conv pul),coal (conv pul) (once through),0.286429,1.24993,1.17464,1.48714,EJ
China,elec_coal (conv pul),coal (conv pul),elec_coal (conv pul),coal (conv pul) (recirculating),1.11076,4.6547,7.06275,8.9488,EJ
China,elec_coal (conv pul),coal (conv pul),elec_coal (conv pul),coal (conv pul) (seawater),0.108065,0.248856,0.359125,0.442803,EJ
China,elec_gas (CC),gas (CC),elec_gas (CC),gas (CC) (cooling pond),4.84E-04,0.00123959,0,0.00682128,EJ
China,elec_gas (CC),gas (CC),elec_gas (CC),gas (CC) (dry cooling),5.60E-04,0.00201838,0,0.0082081,EJ
China,elec_gas (CC),gas (CC),elec_gas (CC),gas (CC) (once through),0.00120199,0.00415027,0,0.017516,EJ
China,elec_gas (CC),gas (CC),elec_gas (CC),gas (CC) (recirculating),0.00448255,0.0191318,0,0.0672377,EJ
China,elec_gas (CC),gas (CC),elec_gas (CC),gas (CC) (seawater),1.80E-04,0.00761424,0,0.00628298,EJ
China,elec_gas (steam/CT),gas (steam/CT),elec_gas (steam/CT),gas (steam/CT) (cooling pond),2.15E-04,0.00182019,0.0196718,0.0297854,EJ
China,elec_gas (steam/CT),gas (steam/CT),elec_gas (steam/CT),gas (steam/CT) (dry cooling),2.49E-04,0.00296359,0.0246274,0.0358408,EJ
China,elec_gas (steam/CT),gas (steam/CT),elec_gas (steam/CT),gas (steam/CT) (once through),5.34E-04,0.00609397,0.0522701,0.0764843,EJ
China,elec_gas (steam/CT),gas (steam/CT),elec_gas (steam/CT),gas (steam/CT) (recirculating),0.00199052,0.0280919,0.206457,0.293596,EJ
China,elec_gas (steam/CT),gas (steam/CT),elec_gas (steam/CT),gas (steam/CT) (seawater),7.98E-05,0.0111802,0.0298716,0.0274348,EJ
China,elec_geothermal,geothermal,elec_geothermal,geothermal (dry_hybrid),8.21E-05,1.66E-04,1.80E-04,1.80E-04,EJ
China,elec_geothermal,geothermal,elec_geothermal,geothermal (recirculating),1.23E-04,2.48E-04,2.70E-04,2.70E-04,EJ
China,elec_refined liquids (CC),refined liquids (CC),elec_refined liquids (CC),refined liquids (CC) (dry cooling),0,0,0,0,EJ
China,elec_refined liquids (CC),refined liquids (CC),elec_refined liquids (CC),refined liquids (CC) (once through),0,0,0,0,EJ
China,elec_refined liquids (CC),refined liquids (CC),elec_refined liquids (CC),refined liquids (CC) (recirculating),0,0,0,0,EJ
China,elec_refined liquids (CC),refined liquids (CC),elec_refined liquids (CC),refined liquids (CC) (seawater),0,0,0,0,EJ
China,elec_refined liquids (steam/CT),refined liquids (steam/CT),elec_refined liquids (steam/CT),refined liquids (steam/CT) (cooling pond),0.0126921,0.0127292,0.00374367,0.00243773,EJ
China,elec_refined liquids (steam/CT),refined liquids (steam/CT),elec_refined liquids (steam/CT),refined liquids (steam/CT) (dry cooling),0.0147776,0.014777,0.00435967,0.00286219,EJ
China,elec_refined liquids (steam/CT),refined liquids (steam/CT),elec_refined liquids (steam/CT),refined liquids (steam/CT) (once through),0.0316828,0.031695,0.00934663,0.00612906,EJ
China,elec_refined liquids (steam/CT),refined liquids (steam/CT),elec_refined liquids (steam/CT),refined liquids (steam/CT) (recirculating),0.118612,0.118385,0.0349966,0.023095,EJ
China,elec_refined liquids (steam/CT),refined liquids (steam/CT),elec_refined liquids (steam/CT),refined liquids (steam/CT) (seawater),0.00560955,0.00508848,0.00166459,0.00137093,EJ
China,elect_td_bld,elect_td_bld,elect_td_bld,elect_td_bld,0.323758,2.03347,3.47804,5.42308,EJ
China,elect_td_bld,rooftop_pv,elect_td_bld,rooftop_pv,0,0,0,0,EJ
China,elect_td_en,elect_td_en,elect_td_en,elect_td_en,0.0301801,0.113558,0.204751,0.282303,EJ
China,elect_td_h2,elect_td_h2,elect_td_h2,elect_td_h2,0,0,0,0,EJ
China,elect_td_ind,elect_td_ind,elect_td_ind,elect_td_ind,1.63318,5.52852,9.30804,12.4862,EJ
China,elect_td_trn,elect_td_trn,elect_td_trn,elect_td_trn,0.0226022,0.116374,0.232229,0.339984,EJ
China,electricity,biomass,electricity,biomass (IGCC),0,0,0,0,EJ
China,electricity,biomass,electricity,biomass (conv),1.45E-06,0.0187199,0.121906,0.229296,EJ
China,electricity,coal,district heat,coal (conv pul),0,2.04753,2.27591,3.06068,EJ
China,electricity,coal,electricity,coal (IGCC),0,0,0,0,EJ
China,electricity,coal,electricity,coal (conv pul),1.69113,7.22627,11.7485,14.8736,EJ
China,electricity,gas,district heat,gas (steam/CT),0,0.0407715,0.251368,0.40502,EJ
China,electricity,gas,electricity,gas (CC),0.00690792,0.0341542,0,0.106066,EJ
China,electricity,gas,electricity,gas (steam/CT),0.00306758,0.0501499,0.332898,0.463142,EJ
China,electricity,geothermal,electricity,geothermal,2.05E-04,4.14E-04,4.50E-04,4.50E-04,EJ
China,electricity,hydro,electricity,hydro,0.456446,1.42964,2.56154,4.01311,EJ
China,electricity,nuclear,electricity,Gen_III,0,0,0,0,EJ
China,electricity,nuclear,electricity,Gen_II_LWR,0,0.191116,0.265966,0.614496,EJ
China,electricity,refined liquids,electricity,refined liquids (CC),0,0,0,0,EJ
China,electricity,refined liquids,electricity,refined liquids (steam/CT),0.183374,0.182675,0.0541112,0.035895,EJ
China,electricity,solar,electricity,CSP,0,0,7.20E-06,9.71E-05,EJ
China,electricity,solar,electricity,CSP_storage,0,0,0,0,EJ
China,electricity,solar,electricity,PV,7.20E-06,3.10E-04,0.00252468,0.16113,EJ
China,electricity,solar,electricity,PV_storage,0,0,0,0,EJ
China,electricity,wind,electricity,wind,7.20E-06,0.00730147,0.160644,0.668393,EJ
China,electricity,wind,electricity,wind_offshore,0,0,0,0,EJ
China,electricity,wind,electricity,wind_storage,0,0,0,0,EJ
China,electricity_net_ownuse,electricity_net_ownuse,electricity_net_ownuse,electricity_net_ownuse,2.17805,8.42384,14.165,19.6133,EJ
China,gas pipeline,gas pipeline,gas pipeline,gas pipeline,0.540316,1.84582,4.72527,6.99788,EJ
China,gas processing,biomass gasification,gas processing,biomass gasification,0,0.144374,0.294272,0.313533,EJ
China,gas processing,coal gasification,gas processing,coal gasification,0.0779448,0.240267,0.191777,0.298253,EJ
China,gas processing,natural gas,gas processing,natural gas,0.475348,1.49764,4.31068,6.47608,EJ
China,mining energy use,mobile,mining energy use,electricity,0,0,0,0,EJ
China,mining energy use,mobile,mining energy use,hydrogen,0,0,0,0,EJ
China,mining energy use,mobile,mining energy use,refined liquids,0.0203611,0.0378838,0.0593235,0.0955301,EJ
China,mining energy use,stationary,mining energy use,coal,0.1288,0.211858,0.377966,0.265717,EJ
China,mining energy use,stationary,mining energy use,electricity,0.0542218,0.181924,0.304161,0.376112,EJ
China,mining energy use,stationary,mining energy use,gas,0.002119,0.0139876,0.0111268,0.0332691,EJ
China,mining energy use,stationary,mining energy use,heat,0.0041441,0.0126836,0.0226881,0.0373391,EJ
China,mining energy use,stationary,mining energy use,refined liquids,0.00509026,0.0094709,0.0148309,0.0238825,EJ
China,nuclearFuelGenII,enrichedUranium,nuclearFuelGenII,enrichedUranium,0,0.573922,0.798697,1.84533,EJ
China,nuclearFuelGenIII,enrichedUranium,nuclearFuelGenIII,enrichedUranium,0,0,0,0,EJ
China,other industrial energy use,biomass,other industrial energy use,biomass,1.66E-04,1.69E-04,1.37E-04,2.44E-04,EJ
China,other industrial energy use,coal,other industrial energy use,coal,3.8619,6.92772,8.47426,6.6376,EJ
China,other industrial energy use,district heat,other industrial energy use,district heat,0.321401,1.12701,1.3974,1.65824,EJ
China,other industrial energy use,electricity,other industrial energy use,electricity,0.650047,1.95743,3.48188,4.95245,EJ
China,other industrial energy use,gas,electricity,gas cogen,0,0,3.32E-04,3.64E-04,EJ
China,other industrial energy use,gas,other industrial energy use,gas,0.0596292,0.210299,1.03223,1.07316,EJ
China,other industrial energy use,gas,other industrial energy use,gas cogen,0,0,8.03E-04,8.86E-04,EJ
China,other industrial energy use,hydrogen,electricity,hydrogen cogen,0,0,0,0,EJ
China,other industrial energy use,hydrogen,other industrial energy use,hydrogen,0,0,0,0,EJ
China,other industrial energy use,hydrogen,other industrial energy use,hydrogen cogen,0,0,0,0,EJ
China,other industrial energy use,refined liquids,other industrial energy use,refined liquids,0.660889,1.63749,1.49545,1.0598,EJ
China,other industrial feedstocks,coal,other industrial feedstocks,coal,0.555407,0.445596,0.674337,1.38619,EJ
China,other industrial feedstocks,refined liquids,other industrial feedstocks,refined liquids,0.155953,0.693929,0.57291,0.529635,EJ
China,other industry,other industry,other industry,other industry,6.26539,12.9996,17.1294,17.2982,EJ
China,process heat cement,coal,process heat cement,coal,0.900867,3.53565,5.60244,5.60244,EJ
China,process heat cement,hydrogen,process heat cement,hydrogen,0,0,0,0,EJ
China,process heat cement,refined liquids,process heat cement,refined liquids,0.0575021,0.22568,0.357602,0.357602,EJ
China,refined liquids bunkers,refined liquids bunkers,refined liquids bunkers,refined liquids bunkers,0.226591,0.977808,1.86773,2.01176,EJ
China,refined liquids enduse,refined liquids enduse,refined liquids enduse,refined liquids enduse,0.323415,1.1765,1.50647,2.16692,EJ
China,refined liquids industrial,refined liquids industrial,refined liquids industrial,refined liquids industrial,2.74156,5.5399,7.06267,7.56826,EJ
China,refined liquids transport,refined liquids transport,refined liquids transport,refined liquids transport,1.09053,5.58213,7.72709,10.9145,EJ
China,refining,biomass liquids,refining,BTL with hydrogen,0,0,0,0,EJ
China,refining,biomass liquids,refining,FT biofuels,0,0,0,0,EJ
China,refining,biomass liquids,refining,biodiesel,0,0.00184169,0.0233564,0.0296357,EJ
China,refining,biomass liquids,refining,cellulosic ethanol,0,0,0,0,EJ
China,refining,biomass liquids,refining,corn ethanol,0,0.027333,0.0493079,0.0616153,EJ
China,refining,coal to liquids,refining,coal to liquids,0,0,0.0277514,0.0838421,EJ
China,refining,gas to liquids,refining,gas to liquids,0,0,0,0,EJ
China,refining,oil refining,oil-credits,oil refining,4.90479,13.7691,18.2187,22.5893,EJ
China,refining,oil refining,refining,oil refining,4.90479,13.7691,18.2187,22.5893,EJ
China,regional biomass,regional biomass,regional biomass,regional biomass,7.05E-04,0.289471,0.930377,1.40042,EJ
China,regional biomassOil,regional biomassOil,regional biomassOil,Soybean,0,0.0018986,0.0240781,0.0305514,EJ
China,regional coal,domestic coal,regional coal,domestic coal,21.0222,51.4013,70.8242,77.4388,EJ
China,regional coal,imported coal,regional coal,imported coal,0,0.367368,2.63606,5.93667,EJ
China,regional corn for ethanol,regional corn for ethanol,regional corn for ethanol,regional corn for ethanol,0,0.027333,0.0493079,0.0616153,EJ
China,regional natural gas,domestic natural gas,regional natural gas,domestic natural gas,0.475348,1.49764,3.40233,4.64632,EJ
China,regional natural gas,imported natural gas,regional natural gas,imported natural gas,0,0,0.908349,1.82977,EJ
China,regional oil,domestic crude oil,regional oil,domestic crude oil,5.20491,7.63076,8.78354,8.99257,EJ
China,regional oil,imported crude oil,regional oil,imported crude oil,0,6.84291,11.0453,15.4982,EJ
China,resid cooling,electricity,resid cooling,electricity,0.0349132,0.438799,0.821838,1.28212,EJ
China,resid heating,coal,resid heating,coal,0.683135,0.463883,0.444505,0.457339,EJ
China,resid heating,district heat,resid heating,district heat,0.0534501,0.321959,0.428038,0.616098,EJ
China,resid heating,electricity,resid heating,electricity,2.25E-04,0.00262212,0.00479024,0.00728919,EJ
China,resid heating,gas,resid heating,gas,0.0245455,0.174979,0.41626,0.598278,EJ
China,resid heating,gas,resid heating,hydrogen,0,0,0,0,EJ
China,resid heating,refined liquids,resid heating,refined liquids,0.0133439,0.0853183,0.109407,0.180594,EJ
China,resid heating,traditional biomass,resid heating,traditional biomass,0.452214,0.386673,0.277347,0.207707,EJ
China,resid others,biomass,N/A,biomass,1.27E-05,2.33E-05,3.37E-05,4.28E-05,EJ
China,resid others,biomass,resid others,biomass,5.58E-06,1.08E-05,1.62E-05,2.14E-05,EJ
China,resid others,coal,N/A,coal,0.773802,0.496634,0.457969,0.454266,EJ
China,resid others,coal,resid others,coal,0.45146,0.306564,0.293758,0.302239,EJ
China,resid others,district heat,N/A,district heat,0.00447791,0.0258998,0.0332918,0.0464127,EJ
China,resid others,district heat,resid others,district heat,0.00593887,0.0357732,0.0475597,0.0684554,EJ
China,resid others,electricity,resid others,electricity,0.0529029,0.635769,1.1731,1.80298,EJ
China,resid others,gas,N/A,gas,0.0180188,0.119658,0.272475,0.375636,EJ
China,resid others,gas,N/A,hydrogen,0,0,0,0,EJ
China,resid others,gas,resid others,gas,0.0156142,0.11131,0.264796,0.380584,EJ
China,resid others,gas,resid others,hydrogen,0,0,0,0,EJ
China,resid others,refined liquids,resid others,refined liquids,0.0454936,0.290879,0.373006,0.615704,EJ
China,resid others,traditional biomass,resid others,traditional biomass,0.466106,0.398552,0.285867,0.214088,EJ
China,wholesale gas,wholesale gas,wholesale gas,wholesale gas,0.381487,0.816028,1.98556,2.40407,EJ
Europe_Non_EU,H2 industrial,H2 delivery,H2 industrial,H2 delivery,0,0,0,0,EJ
Europe_Non_EU,H2 industrial,forecourt production,H2 industrial,electrolysis,0,0,0,0,EJ
Europe_Non_EU,delivered biomass industry,delivered biomass industry,delivered biomass industry,delivered biomass industry,0.0199752,0.0301073,0.0367417,0.0366698,EJ
Europe_Non_EU,delivered coal industry,delivered coal industry,delivered coal industry,delivered coal industry,0.3844,0.500227,0.501274,0.493321,EJ
Europe_Non_EU,elect_td_ind,elect_td_ind,elect_td_ind,elect_td_ind,0.20137,0.298068,0.383556,0.446755,EJ
Europe_Non_EU,refined liquids industrial,refined liquids industrial,refined liquids industrial,refined liquids industrial,0.616851,0.620411,0.667714,0.552186,EJ
Europe_Non_EU,wholesale gas,wholesale gas,wholesale gas,wholesale gas,0.144718,0.305881,0.443074,0.550383,EJ
